{
  "defaultSeverity": "warning",
  "extends": [
    "tslint:recommended"
  ],
  "linterOptions": {
    "exclude": [
      "node_modules/**"
    ]
  },
  "rules": {
    "quotemark": [true, "single"],
    "indent": [true, "spaces", 2],
    "trailing-comma": [true, {"multiline": "never", "singleline": "never"}],
    "interface-name": false,
    "ordered-imports": false,
    "object-literal-sort-keys": false,
    "no-consecutive-blank-lines": false,
    "semicolon": [true, "never"],
    "no-unused-expression": [true, "allow-new"],
    "no-empty-interface": false,
    "max-line-length": false,
    "no-console": false
  }
}